/eos/cms/store/group/phys_susy/AN-24-166/pdas/condorPostProcessing/2025-05-18-20h29m_May_skim-2017/info_postprocessed_VBFHToTauTau.root,VBFHToTauTau,1,0
/eos/cms/store/group/phys_susy/AN-24-166/pdas/condorPostProcessing/2025-05-18-20h29m_May_skim-2017/info_postprocessed_DYJetsToLL_M-50.root,DYJetsToLL_M-50,1,0
/eos/cms/store/group/phys_susy/AN-24-166/pdas/condorPostProcessing/2025-05-18-20h29m_May_skim-2017/info_postprocessed_DYJetsToLL_M-50-ext1.root,DYJetsToLL_M-50-ext1,1,0
/eos/cms/store/group/phys_susy/AN-24-166/pdas/condorPostProcessing/2025-05-18-20h29m_May_skim-2017/info_postprocessed_DYJetsToLL_M-10to50.root,DYJetsToLL_M-10to50,1,0
/eos/cms/store/group/phys_susy/AN-24-166/pdas/condorPostProcessing/2025-05-18-20h29m_May_skim-2017/info_postprocessed_DY1JetsToLL.root,DY1JetsToLL,1,0
/eos/cms/store/group/phys_susy/AN-24-166/pdas/condorPostProcessing/2025-05-18-20h29m_May_skim-2017/info_postprocessed_DY2JetsToLL.root,DY2JetsToLL,1,0
/eos/cms/store/group/phys_susy/AN-24-166/pdas/condorPostProcessing/2025-05-18-20h29m_May_skim-2017/info_postprocessed_DY3JetsToLL.root,DY3JetsToLL,1,0
/eos/cms/store/group/phys_susy/AN-24-166/pdas/condorPostProcessing/2025-05-18-20h29m_May_skim-2017/info_postprocessed_DY4JetsToLL.root,DY4JetsToLL,1,0
/eos/cms/store/group/phys_susy/AN-24-166/pdas/condorPostProcessing/2025-05-18-20h29m_May_skim-2017/info_postprocessed_TTTo2L2Nu.root,TTTo2L2Nu,1,0
/eos/cms/store/group/phys_susy/AN-24-166/pdas/condorPostProcessing/2025-05-18-20h29m_May_skim-2017/info_postprocessed_TTToHadronic.root,TTToHadronic,1,0
/eos/cms/store/group/phys_susy/AN-24-166/pdas/condorPostProcessing/2025-05-18-20h29m_May_skim-2017/info_postprocessed_TTToSemiLeptonic.root,TTToSemiLeptonic,1,0
/eos/cms/store/group/phys_susy/AN-24-166/pdas/condorPostProcessing/2025-05-18-20h29m_May_skim-2017/info_postprocessed_ST_tW_antitop.root,ST_tW_antitop,1,0
/eos/cms/store/group/phys_susy/AN-24-166/pdas/condorPostProcessing/2025-05-18-20h29m_May_skim-2017/info_postprocessed_ST_tW_top.root,ST_tW_top,1,0
/eos/cms/store/group/phys_susy/AN-24-166/pdas/condorPostProcessing/2025-05-18-20h29m_May_skim-2017/info_postprocessed_ST_t-channel_antitop.root,ST_t-channel_antitop,1,0
/eos/cms/store/group/phys_susy/AN-24-166/pdas/condorPostProcessing/2025-05-18-20h29m_May_skim-2017/info_postprocessed_ST_t-channel_top.root,ST_t-channel_top,1,0
/eos/cms/store/group/phys_susy/AN-24-166/pdas/condorPostProcessing/2025-05-18-20h29m_May_skim-2017/info_postprocessed_VVTo2L2Nu.root,VVTo2L2Nu,1,0
/eos/cms/store/group/phys_susy/AN-24-166/pdas/condorPostProcessing/2025-05-18-20h29m_May_skim-2017/info_postprocessed_WZTo2Q2L.root,WZTo2Q2L,1,0
/eos/cms/store/group/phys_susy/AN-24-166/pdas/condorPostProcessing/2025-05-18-20h29m_May_skim-2017/info_postprocessed_WZTo3LNu.root,WZTo3LNu,1,0
/eos/cms/store/group/phys_susy/AN-24-166/pdas/condorPostProcessing/2025-05-18-20h29m_May_skim-2017/info_postprocessed_ZZTo4L.root,ZZTo4L,1,0
/eos/cms/store/group/phys_susy/AN-24-166/pdas/condorPostProcessing/2025-05-18-20h29m_May_skim-2017/info_postprocessed_ZZTo2Q2L.root,ZZTo2Q2L,1,0
/eos/cms/store/group/phys_susy/AN-24-166/pdas/condorPostProcessing/2025-05-18-20h29m_May_skim-2017/info_postprocessed_WJetsToLNu.root,WJetsToLNu,1,0
/eos/cms/store/group/phys_susy/AN-24-166/pdas/condorPostProcessing/2025-05-18-20h29m_May_skim-2017/info_postprocessed_W1JetsToLNu.root,W1JetsToLNu,1,0
/eos/cms/store/group/phys_susy/AN-24-166/pdas/condorPostProcessing/2025-05-18-20h29m_May_skim-2017/info_postprocessed_W2JetsToLNu.root,W2JetsToLNu,1,0
/eos/cms/store/group/phys_susy/AN-24-166/pdas/condorPostProcessing/2025-05-18-20h29m_May_skim-2017/info_postprocessed_W3JetsToLNu.root,W3JetsToLNu,1,0
/eos/cms/store/group/phys_susy/AN-24-166/pdas/condorPostProcessing/2025-05-18-20h29m_May_skim-2017/info_postprocessed_W4JetsToLNu.root,W4JetsToLNu,1,0
/eos/cms/store/group/phys_susy/AN-24-166/pdas/condorPostProcessing/2025-05-18-20h29m_May_skim-2017/info_postprocessed_GluGluHToTauTau.root,GluGluHToTauTau,1,0
/eos/cms/store/group/phys_susy/AN-24-166/pdas/condorPostProcessing/2025-05-18-20h29m_May_skim-2017/info_postprocessed_GluGluHToWWTo2L2Nu.root,GluGluHToWWTo2L2Nu,1,0
/eos/cms/store/group/phys_susy/AN-24-166/pdas/condorPostProcessing/2025-05-18-20h29m_May_skim-2017/info_postprocessed_HWplusJ_HToWW.root,HWplusJ_HToWW,1,0
/eos/cms/store/group/phys_susy/AN-24-166/pdas/condorPostProcessing/2025-05-18-20h29m_May_skim-2017/info_postprocessed_HWminusJ_HToWW.root,HWminusJ_HToWW,1,0
/eos/cms/store/group/phys_susy/AN-24-166/pdas/condorPostProcessing/2025-05-18-20h29m_May_skim-2017/info_postprocessed_HZJ_HToWW.root,HZJ_HToWW,1,0
/eos/cms/store/group/phys_susy/AN-24-166/pdas/condorPostProcessing/2025-05-18-20h29m_May_skim-2017/info_postprocessed_VBFHToWWTo2L2Nu.root,VBFHToWWTo2L2Nu,1,0
/eos/cms/store/group/phys_susy/AN-24-166/pdas/condorPostProcessing/2025-05-18-20h29m_May_skim-2017/info_postprocessed_WminusHToTauTau.root,WminusHToTauTau,1,0
/eos/cms/store/group/phys_susy/AN-24-166/pdas/condorPostProcessing/2025-05-18-20h29m_May_skim-2017/info_postprocessed_WplusHToTauTau.root,WplusHToTauTau,1,0
/eos/cms/store/group/phys_susy/AN-24-166/pdas/condorPostProcessing/2025-05-18-20h29m_May_skim-2017/info_postprocessed_ZHToTauTau.root,ZHToTauTau,1,0
/eos/cms/store/group/phys_susy/AN-24-166/pdas/condorPostProcessing/2025-05-18-20h29m_May_skim-2017/info_postprocessed_ttHToNonbb.root,ttHToNonbb,1,0
/eos/cms/store/group/phys_susy/AN-24-166/pdas/condorPostProcessing/2025-05-18-20h29m_May_skim-2017/info_postprocessed_ttHTobb.root,ttHTobb,1,0
/eos/cms/store/group/phys_susy/AN-24-166/pdas/condorPostProcessing/2025-05-18-20h29m_May_skim-2017/info_postprocessed_SingleMuon-Run2017B.root,SingleMuon-Run2017B,0,0
/eos/cms/store/group/phys_susy/AN-24-166/pdas/condorPostProcessing/2025-05-18-20h29m_May_skim-2017/info_postprocessed_SingleMuon-Run2017C.root,SingleMuon-Run2017C,0,0
/eos/cms/store/group/phys_susy/AN-24-166/pdas/condorPostProcessing/2025-05-18-20h29m_May_skim-2017/info_postprocessed_SingleMuon-Run2017D.root,SingleMuon-Run2017D,0,0
/eos/cms/store/group/phys_susy/AN-24-166/pdas/condorPostProcessing/2025-05-18-20h29m_May_skim-2017/info_postprocessed_SingleMuon-Run2017E.root,SingleMuon-Run2017E,0,0
/eos/cms/store/group/phys_susy/AN-24-166/pdas/condorPostProcessing/2025-05-18-20h29m_May_skim-2017/info_postprocessed_SingleMuon-Run2017F.root,SingleMuon-Run2017F,0,0
/eos/cms/store/group/phys_susy/AN-24-166/pdas/condorPostProcessing/2025-05-18-20h29m_May_skim-2017/info_postprocessed_SingleElectron-Run2017B.root,SingleElectron-Run2017B,0,0
/eos/cms/store/group/phys_susy/AN-24-166/pdas/condorPostProcessing/2025-05-18-20h29m_May_skim-2017/info_postprocessed_SingleElectron-Run2017C.root,SingleElectron-Run2017C,0,0
/eos/cms/store/group/phys_susy/AN-24-166/pdas/condorPostProcessing/2025-05-18-20h29m_May_skim-2017/info_postprocessed_SingleElectron-Run2017D.root,SingleElectron-Run2017D,0,0
/eos/cms/store/group/phys_susy/AN-24-166/pdas/condorPostProcessing/2025-05-18-20h29m_May_skim-2017/info_postprocessed_SingleElectron-Run2017E.root,SingleElectron-Run2017E,0,0
/eos/cms/store/group/phys_susy/AN-24-166/pdas/condorPostProcessing/2025-05-18-20h29m_May_skim-2017/info_postprocessed_SingleElectron-Run2017F.root,SingleElectron-Run2017F,0,0
/eos/cms/store/group/phys_susy/AN-24-166/pdas/condorPostProcessing/2025-05-18-20h29m_May_skim-2017/info_postprocessed_MuonEG-Run2017B.root,MuonEG-Run2017B,0,0
/eos/cms/store/group/phys_susy/AN-24-166/pdas/condorPostProcessing/2025-05-18-20h29m_May_skim-2017/info_postprocessed_MuonEG-Run2017C.root,MuonEG-Run2017C,0,0
/eos/cms/store/group/phys_susy/AN-24-166/pdas/condorPostProcessing/2025-05-18-20h29m_May_skim-2017/info_postprocessed_MuonEG-Run2017D.root,MuonEG-Run2017D,0,0
/eos/cms/store/group/phys_susy/AN-24-166/pdas/condorPostProcessing/2025-05-18-20h29m_May_skim-2017/info_postprocessed_MuonEG-Run2017E.root,MuonEG-Run2017E,0,0
/eos/cms/store/group/phys_susy/AN-24-166/pdas/condorPostProcessing/2025-05-18-20h29m_May_skim-2017/info_postprocessed_MuonEG-Run2017F.root,MuonEG-Run2017F,0,0
/eos/cms/store/group/phys_susy/AN-24-166/pdas/condorPostProcessing/2025-05-18-20h29m_May_skim-2017/info_postprocessed_Embedded-Run2017B-MuTau.root,Embedded-Run2017B-MuTau,0,1
/eos/cms/store/group/phys_susy/AN-24-166/pdas/condorPostProcessing/2025-05-18-20h29m_May_skim-2017/info_postprocessed_Embedded-Run2017C-MuTau.root,Embedded-Run2017C-MuTau,0,1
/eos/cms/store/group/phys_susy/AN-24-166/pdas/condorPostProcessing/2025-05-18-20h29m_May_skim-2017/info_postprocessed_Embedded-Run2017D-MuTau.root,Embedded-Run2017D-MuTau,0,1
/eos/cms/store/group/phys_susy/AN-24-166/pdas/condorPostProcessing/2025-05-18-20h29m_May_skim-2017/info_postprocessed_Embedded-Run2017E-MuTau.root,Embedded-Run2017E-MuTau,0,1
/eos/cms/store/group/phys_susy/AN-24-166/pdas/condorPostProcessing/2025-05-18-20h29m_May_skim-2017/info_postprocessed_Embedded-Run2017F-MuTau.root,Embedded-Run2017F-MuTau,0,1
/eos/cms/store/group/phys_susy/AN-24-166/pdas/condorPostProcessing/2025-05-18-20h29m_May_skim-2017/info_postprocessed_Embedded-Run2017B-ElTau.root,Embedded-Run2017B-ElTau,0,1
/eos/cms/store/group/phys_susy/AN-24-166/pdas/condorPostProcessing/2025-05-18-20h29m_May_skim-2017/info_postprocessed_Embedded-Run2017C-ElTau.root,Embedded-Run2017C-ElTau,0,1
/eos/cms/store/group/phys_susy/AN-24-166/pdas/condorPostProcessing/2025-05-18-20h29m_May_skim-2017/info_postprocessed_Embedded-Run2017D-ElTau.root,Embedded-Run2017D-ElTau,0,1
/eos/cms/store/group/phys_susy/AN-24-166/pdas/condorPostProcessing/2025-05-18-20h29m_May_skim-2017/info_postprocessed_Embedded-Run2017E-ElTau.root,Embedded-Run2017E-ElTau,0,1
/eos/cms/store/group/phys_susy/AN-24-166/pdas/condorPostProcessing/2025-05-18-20h29m_May_skim-2017/info_postprocessed_Embedded-Run2017F-ElTau.root,Embedded-Run2017F-ElTau,0,1
/eos/cms/store/group/phys_susy/AN-24-166/pdas/condorPostProcessing/2025-05-18-20h29m_May_skim-2017/info_postprocessed_Embedded-Run2017B-ElMu.root,Embedded-Run2017B-ElMu,0,1
/eos/cms/store/group/phys_susy/AN-24-166/pdas/condorPostProcessing/2025-05-18-20h29m_May_skim-2017/info_postprocessed_Embedded-Run2017C-ElMu.root,Embedded-Run2017C-ElMu,0,1
/eos/cms/store/group/phys_susy/AN-24-166/pdas/condorPostProcessing/2025-05-18-20h29m_May_skim-2017/info_postprocessed_Embedded-Run2017D-ElMu.root,Embedded-Run2017D-ElMu,0,1
/eos/cms/store/group/phys_susy/AN-24-166/pdas/condorPostProcessing/2025-05-18-20h29m_May_skim-2017/info_postprocessed_Embedded-Run2017E-ElMu.root,Embedded-Run2017E-ElMu,0,1
/eos/cms/store/group/phys_susy/AN-24-166/pdas/condorPostProcessing/2025-05-18-20h29m_May_skim-2017/info_postprocessed_Embedded-Run2017F-ElMu.root,Embedded-Run2017F-ElMu,0,1
/eos/cms/store/group/phys_susy/AN-24-166/pdas/condorPostProcessing/2025-05-18-20h29m_May_skim-2017/info_postprocessed_Cascade_VBF_MA1-15_MA2-100.root,Cascade_VBF_MA1-15_MA2-100,1,0
/eos/cms/store/group/phys_susy/AN-24-166/pdas/condorPostProcessing/2025-05-18-20h29m_May_skim-2017/info_postprocessed_Cascade_VBF_MA1-15_MA2-110.root,Cascade_VBF_MA1-15_MA2-110,1,0
/eos/cms/store/group/phys_susy/AN-24-166/pdas/condorPostProcessing/2025-05-18-20h29m_May_skim-2017/info_postprocessed_Cascade_VBF_MA1-15_MA2-30.root,Cascade_VBF_MA1-15_MA2-30,1,0
/eos/cms/store/group/phys_susy/AN-24-166/pdas/condorPostProcessing/2025-05-18-20h29m_May_skim-2017/info_postprocessed_Cascade_VBF_MA1-15_MA2-40.root,Cascade_VBF_MA1-15_MA2-40,1,0
/eos/cms/store/group/phys_susy/AN-24-166/pdas/condorPostProcessing/2025-05-18-20h29m_May_skim-2017/info_postprocessed_Cascade_VBF_MA1-15_MA2-50.root,Cascade_VBF_MA1-15_MA2-50,1,0
/eos/cms/store/group/phys_susy/AN-24-166/pdas/condorPostProcessing/2025-05-18-20h29m_May_skim-2017/info_postprocessed_Cascade_VBF_MA1-15_MA2-60.root,Cascade_VBF_MA1-15_MA2-60,1,0
/eos/cms/store/group/phys_susy/AN-24-166/pdas/condorPostProcessing/2025-05-18-20h29m_May_skim-2017/info_postprocessed_Cascade_VBF_MA1-15_MA2-70.root,Cascade_VBF_MA1-15_MA2-70,1,0
/eos/cms/store/group/phys_susy/AN-24-166/pdas/condorPostProcessing/2025-05-18-20h29m_May_skim-2017/info_postprocessed_Cascade_VBF_MA1-15_MA2-80.root,Cascade_VBF_MA1-15_MA2-80,1,0
/eos/cms/store/group/phys_susy/AN-24-166/pdas/condorPostProcessing/2025-05-18-20h29m_May_skim-2017/info_postprocessed_Cascade_VBF_MA1-15_MA2-90.root,Cascade_VBF_MA1-15_MA2-90,1,0
/eos/cms/store/group/phys_susy/AN-24-166/pdas/condorPostProcessing/2025-05-18-20h29m_May_skim-2017/info_postprocessed_Cascade_VBF_MA1-20_MA2-100.root,Cascade_VBF_MA1-20_MA2-100,1,0
/eos/cms/store/group/phys_susy/AN-24-166/pdas/condorPostProcessing/2025-05-18-20h29m_May_skim-2017/info_postprocessed_Cascade_VBF_MA1-20_MA2-40.root,Cascade_VBF_MA1-20_MA2-40,1,0
/eos/cms/store/group/phys_susy/AN-24-166/pdas/condorPostProcessing/2025-05-18-20h29m_May_skim-2017/info_postprocessed_Cascade_VBF_MA1-20_MA2-50.root,Cascade_VBF_MA1-20_MA2-50,1,0
/eos/cms/store/group/phys_susy/AN-24-166/pdas/condorPostProcessing/2025-05-18-20h29m_May_skim-2017/info_postprocessed_Cascade_VBF_MA1-20_MA2-60.root,Cascade_VBF_MA1-20_MA2-60,1,0
/eos/cms/store/group/phys_susy/AN-24-166/pdas/condorPostProcessing/2025-05-18-20h29m_May_skim-2017/info_postprocessed_Cascade_VBF_MA1-20_MA2-70.root,Cascade_VBF_MA1-20_MA2-70,1,0
/eos/cms/store/group/phys_susy/AN-24-166/pdas/condorPostProcessing/2025-05-18-20h29m_May_skim-2017/info_postprocessed_Cascade_VBF_MA1-20_MA2-80.root,Cascade_VBF_MA1-20_MA2-80,1,0
/eos/cms/store/group/phys_susy/AN-24-166/pdas/condorPostProcessing/2025-05-18-20h29m_May_skim-2017/info_postprocessed_Cascade_VBF_MA1-20_MA2-90.root,Cascade_VBF_MA1-20_MA2-90,1,0
/eos/cms/store/group/phys_susy/AN-24-166/pdas/condorPostProcessing/2025-05-18-20h29m_May_skim-2017/info_postprocessed_Cascade_VBF_MA1-30_MA2-60.root,Cascade_VBF_MA1-30_MA2-60,1,0
/eos/cms/store/group/phys_susy/AN-24-166/pdas/condorPostProcessing/2025-05-18-20h29m_May_skim-2017/info_postprocessed_Cascade_VBF_MA1-30_MA2-70.root,Cascade_VBF_MA1-30_MA2-70,1,0
/eos/cms/store/group/phys_susy/AN-24-166/pdas/condorPostProcessing/2025-05-18-20h29m_May_skim-2017/info_postprocessed_Cascade_VBF_MA1-30_MA2-80.root,Cascade_VBF_MA1-30_MA2-80,1,0
/eos/cms/store/group/phys_susy/AN-24-166/pdas/condorPostProcessing/2025-05-18-20h29m_May_skim-2017/info_postprocessed_Cascade_VBF_MA1-30_MA2-90.root,Cascade_VBF_MA1-30_MA2-90,1,0
/eos/cms/store/group/phys_susy/AN-24-166/pdas/condorPostProcessing/2025-05-18-20h29m_May_skim-2017/info_postprocessed_Cascade_ggH_MA1-15_MA2-100.root,Cascade_ggH_MA1-15_MA2-100,1,0
/eos/cms/store/group/phys_susy/AN-24-166/pdas/condorPostProcessing/2025-05-18-20h29m_May_skim-2017/info_postprocessed_Cascade_ggH_MA1-15_MA2-110.root,Cascade_ggH_MA1-15_MA2-110,1,0
/eos/cms/store/group/phys_susy/AN-24-166/pdas/condorPostProcessing/2025-05-18-20h29m_May_skim-2017/info_postprocessed_Cascade_ggH_MA1-15_MA2-30.root,Cascade_ggH_MA1-15_MA2-30,1,0
/eos/cms/store/group/phys_susy/AN-24-166/pdas/condorPostProcessing/2025-05-18-20h29m_May_skim-2017/info_postprocessed_Cascade_ggH_MA1-15_MA2-40.root,Cascade_ggH_MA1-15_MA2-40,1,0
/eos/cms/store/group/phys_susy/AN-24-166/pdas/condorPostProcessing/2025-05-18-20h29m_May_skim-2017/info_postprocessed_Cascade_ggH_MA1-15_MA2-50.root,Cascade_ggH_MA1-15_MA2-50,1,0
/eos/cms/store/group/phys_susy/AN-24-166/pdas/condorPostProcessing/2025-05-18-20h29m_May_skim-2017/info_postprocessed_Cascade_ggH_MA1-15_MA2-60.root,Cascade_ggH_MA1-15_MA2-60,1,0
/eos/cms/store/group/phys_susy/AN-24-166/pdas/condorPostProcessing/2025-05-18-20h29m_May_skim-2017/info_postprocessed_Cascade_ggH_MA1-15_MA2-70.root,Cascade_ggH_MA1-15_MA2-70,1,0
/eos/cms/store/group/phys_susy/AN-24-166/pdas/condorPostProcessing/2025-05-18-20h29m_May_skim-2017/info_postprocessed_Cascade_ggH_MA1-15_MA2-80.root,Cascade_ggH_MA1-15_MA2-80,1,0
/eos/cms/store/group/phys_susy/AN-24-166/pdas/condorPostProcessing/2025-05-18-20h29m_May_skim-2017/info_postprocessed_Cascade_ggH_MA1-15_MA2-90.root,Cascade_ggH_MA1-15_MA2-90,1,0
/eos/cms/store/group/phys_susy/AN-24-166/pdas/condorPostProcessing/2025-05-18-20h29m_May_skim-2017/info_postprocessed_Cascade_ggH_MA1-20_MA2-100.root,Cascade_ggH_MA1-20_MA2-100,1,0
/eos/cms/store/group/phys_susy/AN-24-166/pdas/condorPostProcessing/2025-05-18-20h29m_May_skim-2017/info_postprocessed_Cascade_ggH_MA1-20_MA2-40.root,Cascade_ggH_MA1-20_MA2-40,1,0
/eos/cms/store/group/phys_susy/AN-24-166/pdas/condorPostProcessing/2025-05-18-20h29m_May_skim-2017/info_postprocessed_Cascade_ggH_MA1-20_MA2-50.root,Cascade_ggH_MA1-20_MA2-50,1,0
/eos/cms/store/group/phys_susy/AN-24-166/pdas/condorPostProcessing/2025-05-18-20h29m_May_skim-2017/info_postprocessed_Cascade_ggH_MA1-20_MA2-60.root,Cascade_ggH_MA1-20_MA2-60,1,0
/eos/cms/store/group/phys_susy/AN-24-166/pdas/condorPostProcessing/2025-05-18-20h29m_May_skim-2017/info_postprocessed_Cascade_ggH_MA1-20_MA2-70.root,Cascade_ggH_MA1-20_MA2-70,1,0
/eos/cms/store/group/phys_susy/AN-24-166/pdas/condorPostProcessing/2025-05-18-20h29m_May_skim-2017/info_postprocessed_Cascade_ggH_MA1-20_MA2-80.root,Cascade_ggH_MA1-20_MA2-80,1,0
/eos/cms/store/group/phys_susy/AN-24-166/pdas/condorPostProcessing/2025-05-18-20h29m_May_skim-2017/info_postprocessed_Cascade_ggH_MA1-20_MA2-90.root,Cascade_ggH_MA1-20_MA2-90,1,0
/eos/cms/store/group/phys_susy/AN-24-166/pdas/condorPostProcessing/2025-05-18-20h29m_May_skim-2017/info_postprocessed_Cascade_ggH_MA1-30_MA2-60.root,Cascade_ggH_MA1-30_MA2-60,1,0
/eos/cms/store/group/phys_susy/AN-24-166/pdas/condorPostProcessing/2025-05-18-20h29m_May_skim-2017/info_postprocessed_Cascade_ggH_MA1-30_MA2-70.root,Cascade_ggH_MA1-30_MA2-70,1,0
/eos/cms/store/group/phys_susy/AN-24-166/pdas/condorPostProcessing/2025-05-18-20h29m_May_skim-2017/info_postprocessed_Cascade_ggH_MA1-30_MA2-80.root,Cascade_ggH_MA1-30_MA2-80,1,0
/eos/cms/store/group/phys_susy/AN-24-166/pdas/condorPostProcessing/2025-05-18-20h29m_May_skim-2017/info_postprocessed_Cascade_ggH_MA1-30_MA2-90.root,Cascade_ggH_MA1-30_MA2-90,1,0
/eos/cms/store/group/phys_susy/AN-24-166/pdas/condorPostProcessing/2025-05-18-20h29m_May_skim-2017/info_postprocessed_NonCascade_VBF_MA2-20-MA1-15.root,NonCascade_VBF_MA2-20-MA1-15,1,0
/eos/cms/store/group/phys_susy/AN-24-166/pdas/condorPostProcessing/2025-05-18-20h29m_May_skim-2017/info_postprocessed_NonCascade_VBF_MA2-30-MA1-15.root,NonCascade_VBF_MA2-30-MA1-15,1,0
/eos/cms/store/group/phys_susy/AN-24-166/pdas/condorPostProcessing/2025-05-18-20h29m_May_skim-2017/info_postprocessed_NonCascade_VBF_MA2-30-MA1-20.root,NonCascade_VBF_MA2-30-MA1-20,1,0
/eos/cms/store/group/phys_susy/AN-24-166/pdas/condorPostProcessing/2025-05-18-20h29m_May_skim-2017/info_postprocessed_NonCascade_VBF_MA2-40-MA1-20.root,NonCascade_VBF_MA2-40-MA1-20,1,0
/eos/cms/store/group/phys_susy/AN-24-166/pdas/condorPostProcessing/2025-05-18-20h29m_May_skim-2017/info_postprocessed_NonCascade_VBF_MA2-40-MA1-30.root,NonCascade_VBF_MA2-40-MA1-30,1,0
/eos/cms/store/group/phys_susy/AN-24-166/pdas/condorPostProcessing/2025-05-18-20h29m_May_skim-2017/info_postprocessed_NonCascade_VBF_MA2-50-MA1-30.root,NonCascade_VBF_MA2-50-MA1-30,1,0
/eos/cms/store/group/phys_susy/AN-24-166/pdas/condorPostProcessing/2025-05-18-20h29m_May_skim-2017/info_postprocessed_NonCascade_VBF_MA2-50-MA1-40.root,NonCascade_VBF_MA2-50-MA1-40,1,0
/eos/cms/store/group/phys_susy/AN-24-166/pdas/condorPostProcessing/2025-05-18-20h29m_May_skim-2017/info_postprocessed_NonCascade_VBF_MA2-60-MA1-30.root,NonCascade_VBF_MA2-60-MA1-30,1,0
/eos/cms/store/group/phys_susy/AN-24-166/pdas/condorPostProcessing/2025-05-18-20h29m_May_skim-2017/info_postprocessed_NonCascade_VBF_MA2-60-MA1-40.root,NonCascade_VBF_MA2-60-MA1-40,1,0
/eos/cms/store/group/phys_susy/AN-24-166/pdas/condorPostProcessing/2025-05-18-20h29m_May_skim-2017/info_postprocessed_NonCascade_VBF_MA2-60-MA1-50.root,NonCascade_VBF_MA2-60-MA1-50,1,0
/eos/cms/store/group/phys_susy/AN-24-166/pdas/condorPostProcessing/2025-05-18-20h29m_May_skim-2017/info_postprocessed_NonCascade_VBF_MA2-70-MA1-40.root,NonCascade_VBF_MA2-70-MA1-40,1,0
/eos/cms/store/group/phys_susy/AN-24-166/pdas/condorPostProcessing/2025-05-18-20h29m_May_skim-2017/info_postprocessed_NonCascade_VBF_MA2-70-MA1-50.root,NonCascade_VBF_MA2-70-MA1-50,1,0
/eos/cms/store/group/phys_susy/AN-24-166/pdas/condorPostProcessing/2025-05-18-20h29m_May_skim-2017/info_postprocessed_NonCascade_VBF_MA2-80-MA1-40.root,NonCascade_VBF_MA2-80-MA1-40,1,0
/eos/cms/store/group/phys_susy/AN-24-166/pdas/condorPostProcessing/2025-05-18-20h29m_May_skim-2017/info_postprocessed_NonCascade_ggH_MA2-20-MA1-15.root,NonCascade_ggH_MA2-20-MA1-15,1,0
/eos/cms/store/group/phys_susy/AN-24-166/pdas/condorPostProcessing/2025-05-18-20h29m_May_skim-2017/info_postprocessed_NonCascade_ggH_MA2-30-MA1-15.root,NonCascade_ggH_MA2-30-MA1-15,1,0
/eos/cms/store/group/phys_susy/AN-24-166/pdas/condorPostProcessing/2025-05-18-20h29m_May_skim-2017/info_postprocessed_NonCascade_ggH_MA2-30-MA1-20.root,NonCascade_ggH_MA2-30-MA1-20,1,0
/eos/cms/store/group/phys_susy/AN-24-166/pdas/condorPostProcessing/2025-05-18-20h29m_May_skim-2017/info_postprocessed_NonCascade_ggH_MA2-40-MA1-20.root,NonCascade_ggH_MA2-40-MA1-20,1,0
/eos/cms/store/group/phys_susy/AN-24-166/pdas/condorPostProcessing/2025-05-18-20h29m_May_skim-2017/info_postprocessed_NonCascade_ggH_MA2-40-MA1-30.root,NonCascade_ggH_MA2-40-MA1-30,1,0
/eos/cms/store/group/phys_susy/AN-24-166/pdas/condorPostProcessing/2025-05-18-20h29m_May_skim-2017/info_postprocessed_NonCascade_ggH_MA2-50-MA1-30.root,NonCascade_ggH_MA2-50-MA1-30,1,0
/eos/cms/store/group/phys_susy/AN-24-166/pdas/condorPostProcessing/2025-05-18-20h29m_May_skim-2017/info_postprocessed_NonCascade_ggH_MA2-50-MA1-40.root,NonCascade_ggH_MA2-50-MA1-40,1,0
/eos/cms/store/group/phys_susy/AN-24-166/pdas/condorPostProcessing/2025-05-18-20h29m_May_skim-2017/info_postprocessed_NonCascade_ggH_MA2-60-MA1-30.root,NonCascade_ggH_MA2-60-MA1-30,1,0
/eos/cms/store/group/phys_susy/AN-24-166/pdas/condorPostProcessing/2025-05-18-20h29m_May_skim-2017/info_postprocessed_NonCascade_ggH_MA2-60-MA1-40.root,NonCascade_ggH_MA2-60-MA1-40,1,0
/eos/cms/store/group/phys_susy/AN-24-166/pdas/condorPostProcessing/2025-05-18-20h29m_May_skim-2017/info_postprocessed_NonCascade_ggH_MA2-60-MA1-50.root,NonCascade_ggH_MA2-60-MA1-50,1,0
/eos/cms/store/group/phys_susy/AN-24-166/pdas/condorPostProcessing/2025-05-18-20h29m_May_skim-2017/info_postprocessed_NonCascade_ggH_MA2-70-MA1-40.root,NonCascade_ggH_MA2-70-MA1-40,1,0
/eos/cms/store/group/phys_susy/AN-24-166/pdas/condorPostProcessing/2025-05-18-20h29m_May_skim-2017/info_postprocessed_NonCascade_ggH_MA2-70-MA1-50.root,NonCascade_ggH_MA2-70-MA1-50,1,0
/eos/cms/store/group/phys_susy/AN-24-166/pdas/condorPostProcessing/2025-05-18-20h29m_May_skim-2017/info_postprocessed_NonCascade_ggH_MA2-80-MA1-40.root,NonCascade_ggH_MA2-80-MA1-40,1,0
